{
    "name": "vendor manager",
    "products": "1",
    "add_product": "1",
    "all_product": "1",
    "active_product": "1",
    "pending_product": "1",
    "edit_product": "1",
    "reject_product": "1",
    "warehouse": "1",
    "unit": "1",
    "color": "1",
    "variation": "1",
    "order": "1",
    "add_order": "1",
    "all_order": "1",
    "hold_order": "1",
    "pending_order": "1",
    "receive_order": "1",
    "delivery_processing": "1",
    "delivery_order": "1",
    "cancel_order": "1",
    "customer": "1",
    "pos_sale": "1",
    "add_pos_sale": "1",
    "all_pos_sale": "1",
    "payment_history_pos_sale": "1",
    "supplier": "1",
    "purchase": "1",
    "add_purchase": "1",
    "all_purchase": "1",
    "payment_history_purchase": "1",
    "barcode": "1",
    "barcode_generate": "1",
    "barcode_manage": "1",
    "setting": "1",
    "source": "1",
    "payment_method": "1",
    "affiliate_request": "1",
    "all_request": "1",
    "active_request": "1",
    "pending_request": "1",
    "reject_request": "1",
    "expired_request": "1",
    "return_list": "1",
    "purchase_return": "1",
    "sale_return": "1",
    "add_wastage": "1",
    "all_wastage": "1",
    "report": "1",
    "stock_report": "1",
    "sales_report": "1",
    "due_sales_report": "1",
    "purchase_report": "1",
    "warehouse_report": "1",
    "service_and_order": "1",
    "create_service": "1",
    "all_service": "1",
    "service_order": "1",
    "coupon": "1",
    "membership": "1",
    "advertiser": "1",
    "purchase_service": "1",
    "all_service_order": "1",
    "pending_service_order": "1",
    "progress_service_order": "1",
    "hold_service_order": "1",
    "cancel_service_order": "1",
    "balance": "1",
    "recharge": "1",
    "withdraw": "1",
    "recharge_history": "1",
    "create_support": "1",
    "all_support": "1",
    "chat": "1",
    "employee": "1"
}
